slice_dimension,slice_value,rows,true_positive,false_positive,false_negative,true_negative,precision,recall,false_positive_rate,false_negative_rate
epss_band,0_TO_1_PERCENT,41056,0,0,10,41046,,0.0,0.0,1.0
epss_band,1_TO_10_PERCENT,25358,16,409,51,24882,0.03764705882352941,0.23880597014925373,0.016171760705389268,0.7611940298507462
epss_band,10_TO_50_PERCENT,2612,63,903,17,1629,0.06521739130434782,0.7875,0.3566350710900474,0.2125
epss_band,50_TO_100_PERCENT,873,171,532,1,169,0.24324324324324326,0.9941860465116279,0.7589158345221113,0.005813953488372093
age_band,AGE_0_TO_2,22938,73,481,27,22357,0.13176895306859207,0.73,0.021061388913214817,0.27
age_band,AGE_3_TO_5,15813,80,648,15,15070,0.10989010989010989,0.8421052631578947,0.04122661916274335,0.15789473684210525
age_band,AGE_6_TO_10,15251,76,595,21,14559,0.11326378539493294,0.7835051546391752,0.039263560776032734,0.21649484536082475
age_band,AGE_11_TO_20,12726,21,120,14,12571,0.14893617021276595,0.6,0.009455519659601293,0.4
age_band,AGE_OVER_20,3171,0,0,2,3169,,0.0,0.0,1.0
